R_Angstrom,alpha_perp_au,alpha_parallel_au,alpha_iso_au,g_perp_au,g_parallel_au,g_iso_au,Delta_geom_iso_Eh,E0_Eh,Delta_geom_perp_Eh,Delta_geom_parallel_Eh
1.4747,151.99690807321522,183.1957561017184,162.3965240827163,631.1324185038237,813.6938070416288,691.986214683092,0.1173408665063427,-2086.6209640751904,0.12041602017017476,0.11257045003683187
1.5268,147.84799713791267,184.23875797818965,159.97825075133832,588.7022061823986,817.2723476292869,664.8922533313613,0.1203038913070402,-2086.639256754595,0.12557112542237073,0.11271564400326438
1.5789,144.62850924385546,184.0926303486867,157.7832162787992,554.1857097221717,809.8337023628842,639.4017072690759,0.1233834805921155,-2086.649389178097,0.13048740404760856,0.11366076134615802
1.631,142.4107796626433,182.83912287605136,155.88689406711265,528.8780113850974,794.9727651301341,617.576262633443,0.126208618675195,-2086.6544375914555,0.13463480859194607,0.11499709857740929
1.6636,141.53812581222758,181.69854977638045,154.92493380027852,517.7020743362291,782.5628051261094,605.9889845995225,0.1278281765325017,-2086.656081982848,0.1366984341270995,0.11609199196932178
1.6896,141.11386641325726,180.7341925699448,154.32064179881976,511.2035377736048,772.5990260707716,598.3353672059937,0.1289583152333451,-2086.6569335588715,0.13802121462992686,0.11696506627060464
1.7157,140.9100527875277,179.81884620136643,153.87965059214062,506.6779356398274,763.8495829700224,592.4018180832257,0.1298777669943969,-2086.657576893082,0.1390528804156313,0.11770566497018267
1.7417,140.89927988594448,179.04146021565893,153.6133399958493,503.9755474108504,756.1919645792179,588.0476864669729,0.1306129957918615,-2086.6581471595646,0.13978781372410587,0.11838360403319435
1.7678,141.05245635202357,178.4698868334544,153.5249331791672,502.5715103777247,752.1008916057172,585.7479707870556,0.1310503329383108,-2086.6587514117205,0.14033073248223998,0.11864757030963329
1.7939,141.3364374987698,178.15159143058028,153.60815547603997,502.5144164443564,750.2385161845249,585.0891163577459,0.131269024821612,-2086.6594567807497,0.14062923656879806,0.11872996892815019
1.8134,141.61305402795833,178.09670162528667,153.77426989373444,502.4128282775343,749.4139461772033,584.7465342440906,0.1314879703327531,-2086.660075818319,0.1409329599658738,0.118823984083674
1.8395,142.05203405658216,178.28897668437097,154.13101493251176,503.6426604597593,752.2517213069974,586.5123474088387,0.1313962234669478,-2086.661046685749,0.14102462441019928,0.11850353520933347
1.8655,142.53789005793902,178.78415720120856,154.6199791056955,505.3226258013658,756.0214017027806,588.8888844351708,0.1312811153278927,-2086.6621845844807,0.14103652080875592,0.1182401429367836
1.8981,143.17976269100856,179.8380699035028,155.39919842850665,507.8455290028539,765.183578464265,593.6248788233243,0.1308900654033714,-2086.663850676305,0.14096782831990232,0.11751302234193298
1.9502,144.18326983900442,182.4759716839708,156.94750378732655,512.1963363984391,790.2236446082803,604.8721058017195,0.1297361064280709,-2086.667019178131,0.1407500011156306,0.115458435677678
2.0023,145.06083456606368,186.1756316796143,158.7657669372472,516.4316063563775,824.2808298600298,619.0480141909283,0.1282338068273653,-2086.670689775025,0.14044534918139823,0.11293216154937666
2.1,146.2248540601902,195.35980383819947,162.60317065285997,521.3710806224232,911.1071193474564,651.2830935307676,0.1248329430534944,-2086.6783241745466,0.14023107484751943,0.1072101181571921
2.1978,146.89631926658976,206.55808694098388,166.78357515805445,523.4578133382029,1025.072994799821,690.6628738254088,0.1207416682427723,-2086.68603590437,0.14031342691190374,0.10075286735132512
2.302,147.42605289244332,219.92435084901743,171.59215221130137,524.5938563870743,1165.6196422775793,738.2691183505759,0.1162124677479864,-2086.693495481988,0.1405144676186069,0.09433795677091246
2.3997,148.00064895502544,233.44560367554044,176.48230052853046,526.3843322966676,1315.4052817503562,789.3913154478972,0.1117837864914913,-2086.699419102578,0.14058230828155902,0.08873523883259155
2.4974,148.84694263312457,247.78175882842228,181.82521469822385,529.9709473107943,1479.2892004592677,846.410365026952,0.1074096101673057,-2086.704229231786,0.14042934182374653,0.08375027640014363
2.6016,149.98511490363038,263.6109228780645,187.86038422844172,536.0563911917521,1666.442755773356,912.8518460522868,0.1028975211261616,-2086.708207709248,0.13989676960122222,0.0790939028552856
2.6994,151.42667524830557,278.83711781997687,193.89682277219603,544.2381172959427,1854.2361928283296,980.904142473405,0.0988357650744925,-2086.7109953744603,0.13911803531942216,0.07518921238255444
2.7971,153.15902710237117,293.95797379076305,200.09200933183516,554.5612370665797,2041.9626044883207,1050.3616928738268,0.0952490988053726,-2086.713013748809,0.13809027467599863,0.0719792745333903
2.9013,155.30980945754894,309.61232399009634,206.7439809683981,567.9425577549,2241.7178520462603,1125.86765585202,0.0918154011680622,-2086.714481247986,0.13673020918831555,0.06905693410691256
2.999,157.55927233524537,323.40259925452585,212.84038130833883,582.4066153438865,2417.3556347325543,1194.0562884734425,0.0891249363044884,-2086.715349363021,0.1352656959796149,0.06689181240192359
3.1033,160.22870790758742,336.81422897934164,219.09054826483884,599.4441768654032,2592.4563073875474,1263.7815537061178,0.0866805452343968,-2086.715860659386,0.13364773075739173,0.06496044466005944
3.201,162.69183758607946,347.537228782989,224.30696798504928,616.7523764878358,2726.9230545786163,1320.142602518096,0.084955582660993,-2086.7160481995325,0.13189396894791552,0.06372332878983507
3.2987,165.3017026923306,356.385285442684,228.99623027578173,634.8906899179975,2840.270752289613,1370.0173773752028,0.083574206450765,-2086.71603171386,0.13018123065695053,0.06273790714413281
3.3964,167.9390677919754,363.2314937678731,233.03654311727465,653.6792497920632,2924.2485890878825,1410.535696224003,0.0826056879457614,-2086.715872488821,0.12845678354131418,0.06210680841623839
3.55,172.09885135748152,369.8399068557338,238.0125365235656,683.6393102798495,2999.629217187949,1455.6359459158828,0.0817555162715526,-2086.715446167594,0.1258696280111748,0.06164760376658256
3.7,175.94384710643376,371.4963052598502,241.12799982423925,712.9633840851386,3007.2512222625,1477.7259968109256,0.081587520401149,-2086.7149312567294,0.1233891185956216,0.0617667560511216
3.85,179.63700026749996,369.2384478723751,242.8374828024583,741.5629262994336,2963.466690482439,1482.1975143604352,0.0819180576305453,-2086.714398807611,0.12112053737902537,0.06229839685025526
3.9176,181.34077447168943,367.26392997997607,243.3151596411183,754.050332382707,2927.6164419678694,1478.5723689110946,0.0822804364389379,-2086.7141663337293,0.12024447618680488,0.06272405167480044
3.9676,182.36620588949236,365.2532780683436,243.32856328244276,763.1795932004875,2893.728276415461,1473.362487605479,0.0825759327149364,-2086.7139998380526,0.11947791025485709,0.06311119137294961
4.0176,183.4855517302003,363.1779414092761,243.38301495655887,772.1747371518915,2863.3546858798486,1469.2347200612105,0.0828264577583693,-2086.713838852824,0.11881090050094943,0.06341825956809105
4.0676,184.5708441471237,360.78644403877047,243.30937744433928,780.9635652831241,2827.2396428587176,1463.0555911416552,0.0831511047555204,-2086.7136839515247,0.11816866519260145,0.06380542324207918
4.1176,185.63153509553047,358.2818582180556,243.1816428030389,789.617487628782,2790.649145536704,1456.628040264756,0.0834741732552527,-2086.713535538005,0.11754522791344274,0.06419328255418329
4.3,189.2520892631132,347.8089558939245,242.10437814005027,819.5904296335332,2645.8889624077115,1428.356607224926,0.084749276516605,-2086.713052180565,0.11545528255358854,0.06572629479836989
4.5,192.8053280803649,335.41298842957667,240.3412148634355,849.85898113655,2465.472869981532,1388.396944084877,0.0865534946210392,-2086.7126259945294,0.11343371804020869,0.06802204001378631
