region,R_Angstrom,dlnalpha_dR,dlng_dR,dlnDelta_dR,sum_g_Delta,closure
minimum,1.6896,-0.1287117401077969,-0.42128301546731284,0.2925712753595012,-0.1287117401078116,1.4710455076283324e-14
minimum,1.6900996666666666,-0.1279049714379198,-0.4193491730565233,0.2914442016185891,-0.12790497143793422,1.4432899320127035e-14
minimum,1.6905993333333333,-0.12709820276804235,-0.417415330645733,0.2903171278776764,-0.1270982027680566,1.426636586643326e-14
minimum,1.691099,-0.12629143409816523,-0.41548148823494346,0.28919005413676413,-0.12629143409817933,1.4099832412739488e-14
minimum,1.6915986666666667,-0.12548466542828776,-0.41354764582415304,0.28806298039585143,-0.1254846654283016,1.3850032232198828e-14
minimum,1.6920983333333333,-0.12467789675841066,-0.4116138034133635,0.28693590665493923,-0.12467789675842428,1.3614109839465982e-14
minimum,1.692598,-0.12387112808853319,-0.4096799610025731,0.28580883291402653,-0.12387112808854656,1.3364309658925322e-14
minimum,1.6930976666666666,-0.1230643594186561,-0.40774611859178356,0.28468175917311433,-0.12306435941866922,1.3128387266192476e-14
minimum,1.6935973333333334,-0.12225759074877864,-0.40581227618099314,0.28355468543220164,-0.1222575907487915,1.2864709297844001e-14
minimum,1.694097,-0.12145082207890152,-0.4038784337702036,0.28242761169128944,-0.12145082207891417,1.264266469291897e-14
minimum,1.6945966666666668,-0.12064405340902407,-0.4019445913594133,0.28130053795037674,-0.12064405340903656,1.2490009027033011e-14
minimum,1.6950963333333333,-0.11983728473914697,-0.40001074894862365,0.28017346420946454,-0.11983728473915911,1.214306433183765e-14
minimum,1.6955959999999999,-0.11903051606926986,-0.3980769065378341,0.2790463904685523,-0.11903051606928183,1.1976530878143876e-14
minimum,1.6960956666666667,-0.1182237473993924,-0.3961430641270438,0.2779193167276396,-0.11822374739940422,1.1823875212257917e-14
minimum,1.6965953333333332,-0.1174169787295153,-0.3942092217162543,0.27679224298672744,-0.11741697872952683,1.1532441668293814e-14
minimum,1.697095,-0.11661021005963783,-0.39227537930546386,0.27566516924581475,-0.11661021005964911,1.1282641487753153e-14
minimum,1.6975946666666666,-0.11580344138976073,-0.3903415368946743,0.2745380955049025,-0.11580344138977183,1.1102230246251565e-14
minimum,1.6980943333333334,-0.11499667271988327,-0.3884076944838839,0.2734110217639898,-0.11499667271989411,1.083855227790309e-14
minimum,1.698594,-0.11418990405000616,-0.38647385207309437,0.2722839480230776,-0.11418990405001678,1.061650767297806e-14
minimum,1.6990936666666667,-0.1133831353801287,-0.38454000966230395,0.2711568742821649,-0.11338313538013906,1.0352829704629585e-14
minimum,1.6995933333333333,-0.1125763667102516,-0.3826061672515144,0.2700298005412527,-0.11257636671026172,1.0116907311896739e-14
minimum,1.700093,-0.11176959804037413,-0.3806723248407241,0.26890272680034,-0.11176959804038411,9.978129433818594e-15
minimum,1.7005926666666666,-0.11096282937049703,-0.3787384824299346,0.2677756530594278,-0.11096282937050678,9.742207041085749e-15
minimum,1.7010923333333334,-0.11015606070061958,-0.37680464001914415,0.26664857931851504,-0.11015606070062911,9.534040223968532e-15
minimum,1.701592,-0.10934929203074246,-0.3748707976083546,0.2655215055776029,-0.10934929203075172,9.256484467812243e-15
minimum,1.7020916666666666,-0.10854252336086537,-0.3729369551975651,0.26439443183669065,-0.10854252336087444,9.076073226310655e-15
minimum,1.7025913333333333,-0.10773575469098791,-0.37100311278677467,0.26326735809577795,-0.10773575469099672,8.81239525796218e-15
minimum,1.703091,-0.1069289860211108,-0.36906927037598514,0.2621402843548658,-0.10692898602111933,8.534839501805891e-15
minimum,1.7035906666666667,-0.10612221735123334,-0.3671354279651947,0.2610132106139531,-0.10612221735124161,8.271161533457416e-15
minimum,1.7040903333333333,-0.10531544868135624,-0.3652015855544052,0.25988613687304085,-0.10531544868136433,8.090750291955828e-15
minimum,1.70459,-0.10450868001147877,-0.36326774314361476,0.25875906313212815,-0.10450868001148661,7.840950111415168e-15
minimum,1.7050896666666666,-0.10370191134160167,-0.36133390073282523,0.25763198939121595,-0.10370191134160928,7.605027718682322e-15
minimum,1.7055893333333334,-0.10289514267172421,-0.35940005832203487,0.25650491565030326,-0.10289514267173161,7.396860901565105e-15
minimum,1.706089,-0.1020883740018471,-0.35746621591124533,0.25537784190939106,-0.10208837400185428,7.174816296640074e-15
minimum,1.7065886666666668,-0.10128160533196964,-0.35553237350045497,0.25425076816847836,-0.10128160533197661,6.966649479522857e-15
minimum,1.7070883333333333,-0.10047483666209255,-0.35359853108966544,0.2531236944275661,-0.10047483666209933,6.786238238021269e-15
minimum,1.7075879999999999,-0.09966806799221543,-0.3516646886788759,0.25199662068665396,-0.09966806799222194,6.50868248186498e-15
minimum,1.7080876666666667,-0.09886129932233798,-0.3497308462680855,0.25086954694574126,-0.09886129932234422,6.2450045135165055e-15
minimum,1.7085873333333332,-0.09805453065246086,-0.34779700385729595,0.24974247320482904,-0.09805453065246691,6.050715484207103e-15
minimum,1.709087,-0.0972477619825834,-0.34586316144650553,0.24861539946391634,-0.09724776198258919,5.7870375158586285e-15
minimum,1.7095866666666666,-0.09644099331270631,-0.343929319035716,0.24748832572300414,-0.09644099331271186,5.551115123125783e-15
minimum,1.7100863333333334,-0.09563422464282885,-0.34199547662492563,0.2463612519820914,-0.09563422464283422,5.370703881624195e-15
minimum,1.710586,-0.09482745597295174,-0.34006163421413604,0.2452341782411792,-0.09482745597295683,5.093148125467906e-15
minimum,1.7110856666666667,-0.09402068730307428,-0.3381277918033457,0.24410710450026651,-0.09402068730307916,4.884981308350689e-15
minimum,1.7115853333333333,-0.09321391863319718,-0.33619394939255615,0.24298003075935432,-0.09321391863320183,4.649058915617843e-15
minimum,1.712085,-0.09240714996331971,-0.3342601069817658,0.24185295701844162,-0.09240714996332416,4.454769886308441e-15
minimum,1.7125846666666666,-0.09160038129344261,-0.33232626457097625,0.24072588327752942,-0.09160038129344683,4.218847493575595e-15
minimum,1.7130843333333332,-0.0907936126235655,-0.3303924221601867,0.23959880953661722,-0.0907936126235695,3.9968028886505635e-15
minimum,1.713584,-0.08998684395368804,-0.3284585797493963,0.2384717357957045,-0.0899868439536918,3.760880495917718e-15
minimum,1.7140836666666666,-0.08918007528381094,-0.32652473733860676,0.2373446620547923,-0.08918007528381447,3.524958103184872e-15
minimum,1.7145833333333333,-0.08837330661393349,-0.32459089492781634,0.2362175883138796,-0.08837330661393675,3.2612801348363973e-15
minimum,1.715083,-0.08756653794405637,-0.3226570525170268,0.23509051457296737,-0.08756653794405944,3.066991105526995e-15
minimum,1.7155826666666667,-0.08675976927417892,-0.32072321010623644,0.23396344083205467,-0.08675976927418177,2.858824288409778e-15
minimum,1.7160823333333333,-0.0859530006043018,-0.3187893676954469,0.23283636709114247,-0.08595300060430444,2.6367796834847468e-15
minimum,1.716582,-0.08514623193442435,-0.31685552528465655,0.23170929335022977,-0.08514623193442677,2.42861286636753e-15
minimum,1.7170816666666666,-0.08433946326454725,-0.31492168287386696,0.23058221960931757,-0.08433946326454939,2.1371793224034263e-15
minimum,1.7175813333333334,-0.08353269459466979,-0.3129878404630766,0.22945514586840488,-0.08353269459467172,1.9290125052862095e-15
minimum,1.718081,-0.08272592592479268,-0.31105399805228706,0.22832807212749268,-0.08272592592479439,1.7069679003611782e-15
minimum,1.7185806666666665,-0.08191915725491558,-0.30912015564149753,0.22720099838658048,-0.08191915725491705,1.4710455076283324e-15
minimum,1.7190803333333333,-0.08111238858503811,-0.3071863132307071,0.22607392464566778,-0.08111238858503933,1.2212453270876722e-15
minimum,1.7195799999999999,-0.08030561991516101,-0.3052524708199176,0.22494685090475555,-0.08030561991516202,1.0130785099704553e-15
minimum,1.7200796666666667,-0.07949885124528355,-0.30331862840912716,0.22381977716384285,-0.0794988512452843,7.494005416219807e-16
minimum,1.7205793333333332,-0.07869208257540644,-0.3013847859983376,0.22269270342293065,-0.07869208257540697,5.273559366969494e-16
minimum,1.721079,-0.07788531390552898,-0.29945094358754726,0.22156562968201793,-0.07788531390552933,3.469446951953614e-16
minimum,1.7215786666666666,-0.07707854523565189,-0.2975171011767577,0.22043855594110573,-0.077078545235652,1.1102230246251565e-16
minimum,1.7220783333333334,-0.07627177656577443,-0.29558325876596736,0.21931148220019303,-0.07627177656577433,-9.71445146547012e-17
minimum,1.722578,-0.07546500789589732,-0.29364941635517783,0.21818440845928083,-0.075465007895897,-3.191891195797325e-16
minimum,1.7230776666666667,-0.07465823922601986,-0.2917155739443874,0.21705733471836813,-0.07465823922601927,-5.828670879282072e-16
minimum,1.7235773333333333,-0.07385147055614275,-0.2897817315335979,0.21593026097745593,-0.07385147055614194,-8.049116928532385e-16
minimum,1.7240769999999999,-0.07304470188626565,-0.28784788912280834,0.21480318723654374,-0.0730447018862646,-1.0408340855860843e-15
minimum,1.7245766666666666,-0.07223793321638819,-0.2859140467120179,0.21367611349563104,-0.07223793321638688,-1.304512053934559e-15
minimum,1.7250763333333332,-0.07143116454651108,-0.2839802043012284,0.21254903975471884,-0.07143116454650955,-1.5265566588595902e-15
minimum,1.725576,-0.07062439587663362,-0.28204636189043797,0.2114219660138061,-0.07062439587663186,-1.762479051592436e-15
minimum,1.7260756666666666,-0.06981762720675652,-0.28011251947964844,0.2102948922728939,-0.06981762720675452,-1.9984014443252818e-15
minimum,1.7265753333333334,-0.06901085853687905,-0.27817867706885807,0.20916781853198121,-0.06901085853687686,-2.192690473634684e-15
minimum,1.727075,-0.06820408986700195,-0.27624483465806854,0.208040744791069,-0.06820408986699955,-2.400857290751901e-15
minimum,1.7275746666666667,-0.0673973211971245,-0.2743109922472782,0.2069136710501563,-0.06739732119712188,-2.609024107869118e-15
minimum,1.7280743333333333,-0.0665905525272474,-0.27237714983648864,0.2057865973092441,-0.06659055252724455,-2.8449465006019636e-15
minimum,1.728574,-0.06578378385736992,-0.2704433074256982,0.2046595235683314,-0.06578378385736683,-3.094746681142624e-15
minimum,1.7290736666666666,-0.06497701518749283,-0.2685094650149087,0.2035324498274192,-0.0649770151874895,-3.3306690738754696e-15
minimum,1.7295733333333334,-0.06417024651761537,-0.26657562260411827,0.2024053760865065,-0.06417024651761177,-3.594347042223944e-15
minimum,1.730073,-0.06336347784773826,-0.26464178019332874,0.2012783023455943,-0.06336347784773444,-3.816391647148976e-15
minimum,1.7305726666666665,-0.06255670917786116,-0.2627079377825392,0.2001512286046821,-0.0625567091778571,-4.052314039881821e-15
minimum,1.7310723333333333,-0.06174994050798369,-0.2607740953717488,0.19902415486376937,-0.06174994050797941,-4.28129753871076e-15
minimum,1.731572,-0.06094317183810659,-0.25884025296095925,0.19789708112285717,-0.06094317183810208,-4.5102810375396984e-15
minimum,1.7320716666666667,-0.06013640316822913,-0.2569064105501689,0.19677000738194447,-0.06013640316822441,-4.718447854656915e-15
minimum,1.7325713333333332,-0.059329634498352025,-0.25497256813937935,0.19564293364103227,-0.05932963449834708,-4.947431353485854e-15
minimum,1.733071,-0.05852286582847456,-0.253038725728589,0.19451585990011955,-0.05852286582846944,-5.1209037010835345e-15
minimum,1.7335706666666666,-0.057716097158597456,-0.25110488331779945,0.19338878615920735,-0.057716097158592106,-5.349887199912473e-15
minimum,1.7340703333333334,-0.05690932848872,-0.24917104090700903,0.19226171241829465,-0.056909328488714384,-5.613565168260948e-15
minimum,1.73457,-0.05610255981884289,-0.2472371984962195,0.19113463867738245,-0.05610255981883705,-5.842548667089886e-15
minimum,1.7350696666666667,-0.055295791148965434,-0.24530335608542908,0.19000756493646975,-0.05529579114895933,-6.106226635438361e-15
minimum,1.7355693333333333,-0.05448902247908833,-0.24336951367463955,0.18888049119555755,-0.054489022479081994,-6.3352101342672995e-15
minimum,1.7360689999999999,-0.053682253809211225,-0.24143567126385002,0.18775341745464535,-0.05368225380920466,-6.564193633096238e-15
minimum,1.7365686666666666,-0.05287548513933376,-0.23950182885305965,0.18662634371373266,-0.052875485139326994,-6.765421556309548e-15
minimum,1.7370683333333332,-0.05206871646945666,-0.2375679864422701,0.18549926997282043,-0.05206871646944966,-7.0013439490423934e-15
minimum,1.737568,-0.0512619477995792,-0.2356341440314797,0.18437219623190773,-0.051261947799571966,-7.230327447871332e-15
minimum,1.7380676666666666,-0.05045517912970209,-0.23370030162069017,0.18324512249099553,-0.05045517912969463,-7.45931094670027e-15
minimum,1.7385673333333334,-0.049648410459824634,-0.23176645920989977,0.18211804875008283,-0.04964841045981694,-7.695233339433116e-15
minimum,1.739067,-0.04884164178994753,-0.22983261679911024,0.1809909750091706,-0.04884164178993963,-7.896461262646426e-15
minimum,1.7395666666666667,-0.04803487312007007,-0.22789877438831985,0.1798639012682579,-0.04803487312006194,-8.132383655379272e-15
minimum,1.7400663333333333,-0.047228104450192966,-0.22596493197753031,0.1787368275273457,-0.047228104450184605,-8.36136715420821e-15
minimum,1.740566,-0.0464213357803155,-0.2240310895667399,0.177609753786433,-0.04642133578030688,-8.618106228652778e-15
minimum,1.7410656666666666,-0.045614567110438396,-0.22209724715595036,0.1764826800455208,-0.04561456711042955,-8.847089727481716e-15
minimum,1.7415653333333332,-0.0448077984405613,-0.22016340474516083,0.1753556063046086,-0.044807798440552216,-9.083012120214562e-15
minimum,1.742065,-0.04400102977068383,-0.21822956233437046,0.17422853256369591,-0.04400102977067455,-9.284240043427872e-15
minimum,1.7425646666666665,-0.04319426110080673,-0.21629571992358093,0.17310145882278372,-0.043194261100797215,-9.51322354225681e-15
minimum,1.7430643333333333,-0.04238749243092927,-0.2143618775127905,0.171974385081871,-0.04238749243091952,-9.749145934989656e-15
minimum,1.743564,-0.041580723761052166,-0.21242803510200098,0.1708473113409588,-0.04158072376104219,-9.978129433818594e-15
minimum,1.7440636666666667,-0.0407739550911747,-0.21049419269121059,0.1697202376000461,-0.04077395509116449,-1.0207112932647533e-14
minimum,1.7445633333333332,-0.0399671864212976,-0.20856035028042105,0.1685931638591339,-0.03996718642128716,-1.0443035325380379e-14
minimum,1.745063,-0.03916041775142014,-0.20662650786963066,0.16746609011822117,-0.03916041775140949,-1.0644263248593688e-14
minimum,1.7455626666666666,-0.03835364908154303,-0.20469266545884113,0.16633901637730897,-0.03835364908153216,-1.0873246747422627e-14
minimum,1.7460623333333334,-0.037546880411665574,-0.20275882304805073,0.16521194263639627,-0.037546880411654465,-1.1109169140155473e-14
minimum,1.746562,-0.03674011174178847,-0.20082498063726117,0.16408486889548407,-0.036740111741777104,-1.136590821460004e-14
minimum,1.7470616666666667,-0.03593334307191101,-0.1988911382264708,0.16295779515457137,-0.03593334307189944,-1.1574075031717257e-14
minimum,1.7475613333333333,-0.03512657440203391,-0.19695729581568128,0.16183072141365917,-0.035126574402022104,-1.1803058530546195e-14
minimum,1.7480609999999999,-0.0343198057321568,-0.19502345340489174,0.16070364767274697,-0.03431980573214477,-1.2032042029375134e-14
minimum,1.7485606666666667,-0.033513037062279344,-0.19308961099410132,0.15957657393183425,-0.033513037062267076,-1.226796442210798e-14
minimum,1.7490603333333332,-0.03270626839240224,-0.1911557685833118,0.15844950019092205,-0.03270626839238974,-1.2496947920936918e-14
minimum,1.74956,-0.031899499722524774,-0.1892219261725214,0.15732242645000935,-0.03189949972251205,-1.2725931419765857e-14
minimum,1.7500596666666666,-0.03109273105264767,-0.18728808376173187,0.15619535270909715,-0.031092731052634714,-1.2954914918594795e-14
minimum,1.7505593333333334,-0.03028596238277021,-0.18535424135094147,0.15506827896818445,-0.03028596238275702,-1.3190837311327641e-14
minimum,1.751059,-0.029479193712893106,-0.18342039894015194,0.15394120522727223,-0.029479193712879714,-1.339206523454095e-14
minimum,1.7515586666666667,-0.028672425043015648,-0.18148655652936155,0.15281413148635953,-0.02867242504300202,-1.3627987627273797e-14
minimum,1.7520583333333333,-0.027865656373138543,-0.17955271411857202,0.15168705774544733,-0.027865656373124686,-1.3856971126102735e-14
minimum,1.752558,-0.027058887703261078,-0.17761887170778162,0.15055998400453463,-0.027058887703246992,-1.4085954624931674e-14
minimum,1.7530576666666666,-0.026252119033383974,-0.1756850292969921,0.14943291026362243,-0.02625211903336966,-1.4314938123760612e-14
minimum,1.7535573333333332,-0.025445350363506876,-0.17375118688620256,0.14830583652271023,-0.025445350363492325,-1.4550860516493458e-14
minimum,1.754057,-0.02463858169362941,-0.17181734447541214,0.14717876278179753,-0.024638581693614603,-1.4807599590938025e-14
minimum,1.7545566666666665,-0.023831813023752306,-0.1698835020646226,0.1460516890408853,-0.023831813023737297,-1.5008827514151335e-14
minimum,1.7550563333333333,-0.023025044353874848,-0.1679496596538322,0.1449246152999726,-0.023025044353859603,-1.524474990688418e-14
minimum,1.755556,-0.022218275683997743,-0.16601581724304268,0.1437975415590604,-0.02221827568398227,-1.547373340571312e-14
minimum,1.7560556666666667,-0.021411507014120285,-0.1640819748322523,0.1426704678181477,-0.021411507014104575,-1.5709655798445965e-14
minimum,1.7565553333333332,-0.02060473834424318,-0.16214813242146275,0.1415433940772355,-0.02060473834422724,-1.5938639297274904e-14
minimum,1.757055,-0.019797969674365715,-0.16021429001067236,0.1404163203363228,-0.019797969674349575,-1.6139867220488213e-14
minimum,1.7575546666666666,-0.018991201004488614,-0.15828044759988283,0.1392892465954106,-0.01899120100447224,-1.6372320166269105e-14
minimum,1.7580543333333334,-0.01818443233461115,-0.15634660518909244,0.1381621728544979,-0.018184432334594547,-1.6604773112049998e-14
minimum,1.758554,-0.017377663664734047,-0.1544127627783029,0.1370350991135857,-0.017377663664717213,-1.6833756610878936e-14
minimum,1.7590536666666665,-0.016570894994856943,-0.15247892036751337,0.1359080253726735,-0.01657089499483988,-1.7062740109707875e-14
minimum,1.7595533333333333,-0.015764126324979484,-0.15054507795672298,0.1347809516317608,-0.015764126324962185,-1.729866250244072e-14
minimum,1.7600529999999999,-0.01495735765510238,-0.14861123554593342,0.13365387789084857,-0.014957357655084852,-1.752764600126966e-14
minimum,1.7605526666666667,-0.014150588985224918,-0.14667739313514305,0.13252680414993587,-0.014150588985207185,-1.7732343371434922e-14
minimum,1.7610523333333332,-0.013343820315347815,-0.1447435507243535,0.13139973040902367,-0.013343820315329824,-1.7990817169355466e-14
minimum,1.761552,-0.012537051645470351,-0.1428097083135631,0.13027265666811097,-0.01253705164545213,-1.8221535391660382e-14
minimum,1.7620516666666666,-0.01173028297559325,-0.14087586590277357,0.12914558292719877,-0.011730282975574796,-1.8453988337441274e-14
minimum,1.7625513333333334,-0.010923514305715788,-0.13894202349198317,0.12801850918628607,-0.010923514305697102,-1.8686441283222166e-14
minimum,1.763051,-0.010116745635838684,-0.13700818108119364,0.12689143544537385,-0.010116745635819796,-1.8887669206435476e-14
minimum,1.7635506666666667,-0.009309976965961222,-0.13507433867040325,0.12576436170446115,-0.009309976965942102,-1.9120122152216368e-14
minimum,1.7640503333333333,-0.008503208296084119,-0.13314049625961372,0.12463728796354895,-0.008503208296064768,-1.9350840374521283e-14
minimum,1.7645499999999998,-0.007696439626207015,-0.13120665384882418,0.12351021422263675,-0.007696439626187435,-1.958069123508821e-14
minimum,1.7650496666666666,-0.006889670956329553,-0.1292728114380338,0.12238314048172405,-0.00688967095630974,-1.9813144180869102e-14
minimum,1.7655493333333332,-0.00608290228645245,-0.12733896902724426,0.12125606674081184,-0.006082902286432421,-2.0029117253628215e-14
minimum,1.766049,-0.005276133616574988,-0.12540512661645387,0.12012899299989914,-0.005276133616554726,-2.0261570199409107e-14
minimum,1.7665486666666665,-0.004469364946697885,-0.12347128420566432,0.11900191925898694,-0.004469364946677379,-2.0506166209521837e-14
minimum,1.7670483333333333,-0.003662596276820423,-0.12153744179487393,0.11787484551807423,-0.0036625962767996983,-2.0724741367494914e-14
minimum,1.767548,-0.00285582760694332,-0.1196035993840844,0.11674777177716203,-0.002855827606922365,-2.0955025908930835e-14
minimum,1.7680476666666667,-0.002049058937065858,-0.117669756973294,0.11562069803624932,-0.0020490589370446843,-2.1173601066903913e-14
minimum,1.7685473333333332,-0.0012422902671887547,-0.11573591456250445,0.11449362429533712,-0.001242290267167337,-2.141776339614765e-14
minimum,1.769047,-0.0004355215973112928,-0.11380207215171406,0.11336655055442442,-0.00043552159728964257,-2.165021634192854e-14
minimum,1.7695466666666666,0.0003712470725658109,-0.11186822974092453,0.1122394768135122,0.0003712470725876771,-2.1866189414687653e-14
minimum,1.7700463333333332,0.0011780157424429137,-0.109934387330135,0.11111240307260001,0.0011780157424650106,-2.209690763699257e-14
minimum,1.770546,0.0019847844123203756,-0.1080005449193446,0.10998532933168731,0.001984784412342705,-2.232936058277346e-14
minimum,1.7710456666666665,0.0027915530821974784,-0.10606670250855507,0.10885825559077511,0.0027915530822200385,-2.2560078805078376e-14
minimum,1.7715453333333333,0.0035983217520749403,-0.10413286009776468,0.1077311818498624,0.003598321752097719,-2.2778653963051454e-14
minimum,1.7720449999999999,0.004405090421952045,-0.10219901768697513,0.1066041081089502,0.004405090421975066,-2.3021515249688207e-14
minimum,1.7725446666666667,0.005211859091829507,-0.10026517527618474,0.10547703436803749,0.005211859091852747,-2.3240090407661285e-14
minimum,1.7730443333333332,0.00601862776170661,-0.09833133286539521,0.10434996062712529,0.00601862776173008,-2.34708086299662e-14
minimum,1.773544,0.0068253964315840715,-0.09639749045460481,0.10322288688621259,0.006825396431607775,-2.3703261575747092e-14
minimum,1.7740436666666666,0.007632165101461174,-0.09446364804381527,0.10209581314530039,0.007632165101485122,-2.3947857585859822e-14
minimum,1.7745433333333334,0.008438933771338636,-0.09252980563302488,0.10096873940438768,0.008438933771362803,-2.41664327438329e-14
minimum,1.775043,0.009245702441215739,-0.09059596322223534,0.09984166566347548,0.009245702441240136,-2.4397150966137815e-14
minimum,1.7755426666666665,0.010052471111092844,-0.08866212081144581,0.09871459192256327,0.010052471111117456,-2.461225667715894e-14
minimum,1.7760423333333333,0.010859239780970304,-0.08672827840065542,0.09758751818165057,0.01085923978099515,-2.4846444346415808e-14
minimum,1.7765419999999998,0.011666008450847408,-0.08479443598986589,0.09646044444073837,0.011666008450872484,-2.5075427845244747e-14
minimum,1.7770416666666666,0.01247277712072487,-0.08286059357907549,0.09533337069982567,0.012472777120750178,-2.530788079102564e-14
minimum,1.7775413333333332,0.013279545790601975,-0.08092675116828596,0.09420629695891346,0.013279545790627498,-2.5522986502046763e-14
minimum,1.778041,0.014086314460479437,-0.07899290875749557,0.09307922321800076,0.014086314460505192,-2.5755439447827655e-14
minimum,1.7785406666666665,0.014893083130356538,-0.07705906634670602,0.09195214947708855,0.014893083130382526,-2.5987892393608547e-14
minimum,1.7790403333333333,0.015699851800233998,-0.07512522393591563,0.09082507573617585,0.01569985180026022,-2.6222080062865416e-14
minimum,1.77954,0.016506620470111102,-0.0731913815251261,0.08969800199526365,0.016506620470137554,-2.6451063561694355e-14
minimum,1.7800396666666667,0.017313389139988568,-0.0712575391143357,0.08857092825435095,0.017313389140015248,-2.6680047060523293e-14
minimum,1.7805393333333333,0.018120157809865672,-0.06932369670354616,0.08744385451343874,0.01812015780989258,-2.6909030559352232e-14
minimum,1.781039,0.01892692647974313,-0.06738985429275576,0.08631678077252602,0.018926926479770262,-2.7131075164277263e-14
minimum,1.7815386666666666,0.019733695149620235,-0.06545601188196623,0.08518970703161383,0.019733695149647595,-2.73600586631062e-14
minimum,1.7820383333333332,0.02054046381949734,-0.0635221694711767,0.08406263329070163,0.02054046381952493,-2.758904216193514e-14
minimum,1.782538,0.0213472324893748,-0.061588327060386305,0.08293555954978893,0.021347232489402623,-2.7824964554667986e-14
minimum,1.7830376666666665,0.022154001159251903,-0.05965448464959677,0.08180848580887673,0.022154001159279957,-2.8053948053496924e-14
minimum,1.7835373333333333,0.02296076982912936,-0.05772064223880638,0.08068141206796402,0.022960769829157637,-2.8275992658421956e-14
minimum,1.7840369999999999,0.023767538499006466,-0.055786799828016834,0.0795543383270518,0.02376753849903497,-2.8504976157250894e-14
minimum,1.7845366666666667,0.02457430716888393,-0.05385295741722644,0.0784272645861391,0.024574307168912665,-2.873395965607983e-14
minimum,1.7850363333333332,0.025381075838761036,-0.05191911500643691,0.07730019084522691,0.02538107583879,-2.896294315490877e-14
minimum,1.785536,0.026187844508638494,-0.049985272595646515,0.07617311710431421,0.026187844508667693,-2.919886554764162e-14
minimum,1.7860356666666666,0.0269946131785156,-0.04805143018485698,0.07504604336340201,0.026994613178545027,-2.9427849046470556e-14
minimum,1.7865353333333334,0.027801381848393064,-0.04611758777406659,0.0739189696224893,0.027801381848422707,-2.964295475749168e-14
minimum,1.787035,0.028608150518270162,-0.04418374536327706,0.07279189588157708,0.028608150518300027,-2.986499936241671e-14
minimum,1.7875346666666667,0.029414919188147627,-0.04224990295248665,0.07166482214066439,0.029414919188177735,-3.0107860649053464e-14
minimum,1.7880343333333333,0.03022168785802473,-0.04031606054169712,0.07053774839975219,0.03022168785805507,-3.03368441478824e-14
minimum,1.7885339999999998,0.031028456527901836,-0.038382218130907586,0.06941067465883999,0.031028456527932402,-3.056582764671134e-14
minimum,1.7890336666666666,0.031835225197779295,-0.03644837572011719,0.06828360091792729,0.031835225197810096,-3.0801750039444187e-14
minimum,1.7895333333333332,0.0326419938676564,-0.03451453330932766,0.06715652717701508,0.032641993867687416,-3.101685575046531e-14
minimum,1.790033,0.03344876253753386,-0.03258069089853727,0.06602945343610236,0.0334487625375651,-3.123890035539034e-14
minimum,1.7905326666666666,0.03425553120741096,-0.03064684848774772,0.06490237969519017,0.034255531207442444,-3.1481761642027095e-14
minimum,1.7910323333333333,0.03506229987728843,-0.02871300607695733,0.06377530595427747,0.03506229987732014,-3.1710745140856034e-14
minimum,1.791532,0.03586906854716553,-0.026779163666167796,0.06264823221336527,0.03586906854719747,-3.193972863968497e-14
minimum,1.7920316666666667,0.03667583721704299,-0.024845321255377403,0.061521158472452556,0.03667583721707515,-3.2161773244610004e-14
minimum,1.7925313333333333,0.037482605886920095,-0.02291147884458787,0.06039408473154036,0.037482605886952486,-3.239075674343894e-14
minimum,1.793031,0.038289374556797554,-0.020977636433797478,0.05926701099062765,0.03828937455683017,-3.261974024226788e-14
minimum,1.7935306666666666,0.03909614322667466,-0.01904379402300793,0.05813993724971545,0.03909614322670752,-3.2862601528904634e-14
minimum,1.7940303333333332,0.03990291189655176,-0.0171099516122184,0.057012863508803246,0.03990291189658485,-3.3084646133829665e-14
minimum,1.79453,0.04070968056642923,-0.015176109201428006,0.05588578976789055,0.04070968056646254,-3.3313629632658603e-14
minimum,1.7950296666666665,0.041516449236306326,-0.013242266790638474,0.054758716026978335,0.04151644923633986,-3.3535674237583635e-14
minimum,1.7955293333333333,0.04232321790618379,-0.011308424379848081,0.05363164228606564,0.042323217906217556,-3.3764657736412573e-14
minimum,1.7960289999999999,0.043129986576060896,-0.009374581969058549,0.05250456854515344,0.04312998657609489,-3.399364123524151e-14
minimum,1.7965286666666667,0.043936755245938354,-0.007440739558268156,0.051377494804240725,0.04393675524597257,-3.421568584016654e-14
minimum,1.7970283333333332,0.04474352391581546,-0.005506897147478609,0.050250421063328526,0.04474352391584992,-3.4458547126803296e-14
minimum,1.797528,0.04555029258569292,-0.0035730547366882165,0.04912334732241583,0.04555029258572761,-3.469446951953614e-14
minimum,1.7980276666666666,0.04635706125557002,-0.001639212325898684,0.047996273581503615,0.04635706125560493,-3.4909575230557266e-14
minimum,1.7985273333333334,0.04716382992544749,0.0002946300848917227,0.04686919984059092,0.04716382992548264,-3.515243651719402e-14
minimum,1.799027,0.04797059859532459,0.002228472495681255,0.04574212609967872,0.04797059859535997,-3.538142001602296e-14
minimum,1.7995266666666665,0.04877736726520169,0.004162314906470788,0.044615052358766505,0.04877736726523729,-3.560346462094799e-14
minimum,1.8000263333333333,0.049584135935079154,0.0060961573172611805,0.043487978617853806,0.04958413593511499,-3.583244811977693e-14
minimum,1.8005259999999998,0.05039090460495626,0.008029999728050713,0.04236090487694161,0.05039090460499232,-3.6061431618605866e-14
minimum,1.8010256666666666,0.05119767327483372,0.009963842138841106,0.041233831136028895,0.05119767327487,-3.62834762235309e-14
minimum,1.8015253333333332,0.05200444194471082,0.011897684549630638,0.040106757395116696,0.052004441944747334,-3.6512459722359836e-14
minimum,1.802025,0.05281121061458829,0.013831526960421031,0.038979683654203984,0.052811210614625015,-3.672756543338096e-14
minimum,1.8025246666666666,0.053617979284465385,0.015765369371210564,0.037852609913291785,0.05361797928450235,-3.6963487826113806e-14
minimum,1.8030243333333333,0.05442474795434285,0.017699211782000956,0.036725536172379086,0.05442474795438004,-3.7192471324942744e-14
minimum,1.803524,0.055231516624219955,0.01963305419279049,0.03559846243146689,0.055231516624257376,-3.742145482377168e-14
minimum,1.8040236666666667,0.05603828529409741,0.021566896603580882,0.034471388690554175,0.05603828529413506,-3.7643499428696714e-14
minimum,1.8045233333333333,0.05684505396397452,0.023500739014370442,0.033344314949641976,0.05684505396401242,-3.790023850314128e-14
minimum,1.8050229999999998,0.057651822633851615,0.025434581425159974,0.03221724120872978,0.05765182263388975,-3.813616089587413e-14
minimum,1.8055226666666666,0.05845859130372909,0.027368423835950367,0.031090167467817065,0.05845859130376743,-3.8344327712991344e-14
minimum,1.8060223333333332,0.059265359973606185,0.0293022662467399,0.029963093726904866,0.059265359973644766,-3.858025010572419e-14
minimum,1.806522,0.060072128643483644,0.031236108657530293,0.028836019985992153,0.060072128643522446,-3.880229471064922e-14
minimum,1.8070216666666665,0.060878897313360755,0.033169951068319825,0.027708946245079955,0.06087889731339978,-3.902433931557425e-14
minimum,1.8075213333333333,0.061685665983238214,0.03510379347911022,0.026581872504167256,0.061685665983277474,-3.92602617083071e-14
minimum,1.8080209999999999,0.06249243465311531,0.03703763588989975,0.025454798763255043,0.062492434653154794,-3.948230631323213e-14
minimum,1.8085206666666667,0.06329920332299278,0.03897147830069014,0.024327725022342345,0.06329920332303249,-3.970435091815716e-14
minimum,1.8090203333333332,0.06410597199286988,0.040905320711479676,0.023200651281430146,0.06410597199290982,-3.9940273310890007e-14
minimum,1.80952,0.06491274066274734,0.04283916312227007,0.022073577540517433,0.0649127406627875,-4.016231791581504e-14
minimum,1.8100196666666666,0.06571950933262445,0.0447730055330596,0.020946503799605234,0.06571950933266484,-4.038436252074007e-14
minimum,1.8105193333333331,0.06652627800250155,0.046706847943849134,0.019819430058693036,0.06652627800254217,-4.0620284913472915e-14
minimum,1.811019,0.06733304667237901,0.048640690354639554,0.018692356317780323,0.06733304667241988,-4.0870085094013575e-14
minimum,1.8115186666666665,0.06813981534225612,0.05057453276542909,0.017565282576868124,0.06813981534229721,-4.1092129698938606e-14
minimum,1.8120183333333333,0.06894658401213358,0.05250837517621948,0.016438208835955426,0.0689465840121749,-4.132805209167145e-14
minimum,1.8125179999999999,0.06975335268201067,0.05444221758700901,0.015311135095043213,0.06975335268205222,-4.1550096696596484e-14
minimum,1.8130176666666666,0.07056012135188815,0.056376059997799405,0.014184061354130514,0.07056012135192992,-4.1772141301521515e-14
minimum,1.8135173333333332,0.07136689002176524,0.05830990240858894,0.013056987613218315,0.07136689002180725,-4.200806369425436e-14
minimum,1.814017,0.0721736586916427,0.06024374481937933,0.011929913872305603,0.07217365869168493,-4.223010829917939e-14
minimum,1.8145166666666666,0.07298042736151981,0.06217758723016886,0.010802840131393404,0.07298042736156227,-4.2452152904104423e-14
minimum,1.8150163333333333,0.07378719603139727,0.06411142964095926,0.009675766390480706,0.07378719603143996,-4.268807529683727e-14
minimum,1.815516,0.07459396470127437,0.06604527205174879,0.008548692649568493,0.07459396470131728,-4.29101199017623e-14
minimum,1.8160156666666665,0.07540073337115148,0.06797911446253832,0.007421618908656294,0.07540073337119461,-4.313216450668733e-14
minimum,1.8165153333333333,0.07620750204102894,0.06991295687332871,0.006294545167743595,0.07620750204107231,-4.336808689942018e-14
minimum,1.8170149999999998,0.07701427071090604,0.07184679928411827,0.005167471426831383,0.07701427071094966,-4.361788707996084e-14
minimum,1.8175146666666666,0.07782103938078351,0.07378064169490867,0.004040397685918684,0.07782103938082735,-4.383993168488587e-14
minimum,1.8180143333333332,0.07862780805066061,0.0757144841056982,0.002913323945006485,0.07862780805070468,-4.4075854077618715e-14
minimum,1.818514,0.07943457672053807,0.07764832651648859,0.0017862502040937728,0.07943457672058236,-4.4297898682543746e-14
minimum,1.8190136666666665,0.08024134539041518,0.07958216892727812,0.0006591764631815739,0.0802413453904597,-4.451994328746878e-14
minimum,1.8195133333333333,0.08104811406029264,0.08151601133806852,-0.00046789727773112466,0.08104811406033739,-4.475586568020162e-14
minimum,1.8200129999999999,0.08185488273016973,0.08344985374885805,-0.0015949710186433375,0.08185488273021471,-4.4977910285126654e-14
minimum,1.8205126666666667,0.0826616514000472,0.08538369615964844,-0.002722044759556036,0.0826616514000924,-4.5199954890051686e-14
minimum,1.8210123333333332,0.0834684200699243,0.08731753857043797,-0.003849118500468235,0.08346842006996974,-4.543587728278453e-14
minimum,1.8215119999999998,0.08427518873980142,0.08925138098122751,-0.004976192241380434,0.08427518873984707,-4.565792188770956e-14
minimum,1.8220116666666666,0.08508195740967887,0.0911852233920179,-0.00610326598229316,0.08508195740972474,-4.586608870482678e-14
minimum,1.8225113333333334,0.08588872607955633,0.09311906580280829,-0.007230339723205859,0.08588872607960243,-4.6102011097559625e-14
minimum,1.823011,0.08669549474943343,0.09505290821359783,-0.008357413464118058,0.08669549474947977,-4.633793349029247e-14
minimum,1.8235106666666665,0.08750226341931054,0.09698675062438739,-0.009484487205030256,0.08750226341935713,-4.658773367083313e-14
minimum,1.8240103333333333,0.088309032089188,0.09892059303517778,-0.010611560945942955,0.08830903208923482,-4.682365606356598e-14
minimum,1.8245099999999999,0.0891158007590651,0.10085443544596731,-0.011738634686855154,0.08911580075911216,-4.705957845629882e-14
minimum,1.8250096666666666,0.08992256942894257,0.1027882778567577,-0.01286570842776788,0.08992256942898982,-4.7253867485608225e-14
minimum,1.8255093333333332,0.09072933809881967,0.10472212026754724,-0.013992782168680079,0.09072933809886716,-4.748978987834107e-14
minimum,1.826009,0.09153610676869713,0.10665596267833763,-0.015119855909592778,0.09153610676874485,-4.7725712271073917e-14
minimum,1.8265086666666666,0.09234287543857424,0.10858980508912716,-0.016246929650504977,0.09234287543862219,-4.794775687599895e-14
minimum,1.8270083333333331,0.09314964410845133,0.1105236474999167,-0.017374003391417175,0.09314964410849952,-4.8183679268731794e-14
minimum,1.827508,0.0939564127783288,0.11245748991070709,-0.018501077132329874,0.09395641277837721,-4.841960166146464e-14
minimum,1.8280076666666667,0.09476318144820627,0.11439133232149748,-0.0196281508732426,0.09476318144825488,-4.861389069077404e-14
minimum,1.8285073333333333,0.09556995011808336,0.11632517473228701,-0.0207552246141548,0.09556995011813221,-4.884981308350689e-14
minimum,1.8290069999999998,0.09637671878796047,0.11825901714307654,-0.021882298355066998,0.09637671878800955,-4.907185768843192e-14
minimum,1.8295066666666666,0.09718348745783793,0.12019285955386694,-0.023009372095979697,0.09718348745788724,-4.9307780081164765e-14
minimum,1.8300063333333332,0.09799025612771503,0.1221267019646565,-0.024136445836891895,0.0979902561277646,-4.957145804951324e-14
minimum,1.830506,0.09879702479759249,0.12406054437544689,-0.025263519577804594,0.0987970247976423,-4.9807380442246085e-14
minimum,1.8310056666666665,0.0996037934674696,0.1259943867862364,-0.02639059331871682,0.09960379346751957,-4.997391389593986e-14
minimum,1.8315053333333333,0.10041056213734706,0.12792822919702682,-0.02751766705962952,0.1004105621373973,-5.0237591864288333e-14
minimum,1.8320049999999999,0.10121733080722417,0.12986207160781635,-0.028644740800541718,0.10121733080727463,-5.0459636469213365e-14
minimum,1.8325046666666667,0.10202409947710163,0.1317959140186067,-0.029771814541454417,0.1020240994771523,-5.066780328633058e-14
minimum,1.8330043333333332,0.10283086814697873,0.1337297564293963,-0.030898888282366616,0.10283086814702969,-5.0959236830294685e-14
minimum,1.833504,0.10363763681685619,0.13566359884018667,-0.032025962023279314,0.10363763681690735,-5.11674036474119e-14
minimum,1.8340036666666666,0.1044444054867333,0.1375974412509762,-0.03315303576419154,0.10444440548678466,-5.1361692676721304e-14
minimum,1.8345033333333332,0.1052511741566104,0.13953128366176573,-0.03428010950510374,0.10525117415666199,-5.159761506945415e-14
minimum,1.835003,0.10605794282648785,0.14146512607255615,-0.03540718324601644,0.10605794282653971,-5.1861293037802625e-14
minimum,1.8355026666666665,0.10686471149636496,0.14339896848334568,-0.03653425698692864,0.10686471149641705,-5.2083337642727656e-14
minimum,1.8360023333333333,0.10767148016624242,0.14533281089413605,-0.037661330727841336,0.10767148016629471,-5.229150445984487e-14
minimum,1.8365019999999999,0.10847824883611953,0.14726665330492558,-0.038788404468753535,0.10847824883617205,-5.2513549064769904e-14
minimum,1.8370016666666666,0.10928501750599699,0.149200495715716,-0.03991547820966626,0.10928501750604974,-5.274947145750275e-14
minimum,1.8375013333333332,0.11009178617587409,0.15113433812650554,-0.04104255195057846,0.11009178617592708,-5.2985393850235596e-14
minimum,1.838001,0.11089855484575155,0.1530681805372959,-0.04216962569149116,0.11089855484580474,-5.319356066735281e-14
minimum,1.8385006666666666,0.11170532351562866,0.15500202294808543,-0.04329669943240336,0.11170532351568208,-5.3415605272277844e-14
minimum,1.8390003333333333,0.11251209218550612,0.15693586535887585,-0.044423773173316056,0.1125120921855598,-5.367928324062632e-14
minimum,1.8395,0.11331886085538323,0.15886970776966539,-0.045550846914228255,0.11331886085543713,-5.390132784555135e-14
maximum,3.9676,0.00973863985416544,-0.04202038404713692,0.051759023901363284,0.009738639854226364,-6.092348847630547e-14
maximum,3.9679333333333333,0.00966845888418571,-0.04220825320888345,0.05187671209312969,0.009668458884246237,-6.052623680030678e-14
maximum,3.9682666666666666,0.009598277914205982,-0.04239612237062999,0.05199440028489609,0.009598277914266096,-6.01133726130243e-14
maximum,3.9686,0.009528096944226253,-0.04258399153237653,0.05211208847666249,0.009528096944285955,-5.970224314921779e-14
maximum,3.968933333333333,0.009457915974246523,-0.04277186069412307,0.05222977666842889,0.009457915974305814,-5.929111368541129e-14
maximum,3.9692666666666665,0.009387735004266793,-0.042959729855869606,0.05234746486019529,0.009387735004325687,-5.88938620094126e-14
maximum,3.9696,0.009317554034287065,-0.04314759901761614,0.0524651530519617,0.00931755403434556,-5.849487560993794e-14
maximum,3.9699333333333335,0.009247373064307242,-0.04333546817936293,0.05258284124372825,0.009247373064365322,-5.808027669917948e-14
maximum,3.970266666666667,0.009177192094327512,-0.04352333734110947,0.05270052943549466,0.009177192094385188,-5.767608612927688e-14
maximum,3.9706,0.009107011124347784,-0.04371120650285601,0.052818217627261056,0.009107011124405047,-5.72632219419944e-14
maximum,3.9709333333333334,0.009036830154368054,-0.04389907566460254,0.05293590581902746,0.00903683015442492,-5.686597026599571e-14
maximum,3.9712666666666667,0.008966649184388324,-0.044086944826349075,0.05305359401079386,0.008966649184444786,-5.646177969609312e-14
maximum,3.9716,0.008896468214408594,-0.044274813988095615,0.05317128220256026,0.008896468214464645,-5.6050650232286614e-14
maximum,3.9719333333333333,0.008826287244428866,-0.044462683149842155,0.05328897039432667,0.008826287244484511,-5.564472493890804e-14
maximum,3.9722666666666666,0.008756106274449137,-0.044650552311588695,0.053406658586093066,0.00875610627450437,-5.523359547510154e-14
maximum,3.9726,0.008685925304469407,-0.04483842147333523,0.05352434677785947,0.008685925304524243,-5.483634379910285e-14
maximum,3.972933333333333,0.008615744334489677,-0.04502629063508176,0.05364203496962587,0.00861574433454411,-5.443215322920025e-14
maximum,3.9732666666666665,0.008545563364509949,-0.0452141597968283,0.05375972316139227,0.008545563364563968,-5.401928904191777e-14
maximum,3.9736,0.00847538239453022,-0.04540202895857484,0.053877411353158676,0.008475382394583834,-5.361509847201518e-14
maximum,3.9739333333333335,0.008405201424550396,-0.04558989812032163,0.053995099544925235,0.008405201424603603,-5.320743845516063e-14
maximum,3.974266666666667,0.008335020454570666,-0.04577776728206817,0.054112787736691634,0.008335020454623462,-5.2796308991354124e-14
maximum,3.9746,0.008264839484590938,-0.045965636443814704,0.05423047592845803,0.008264839484643328,-5.239038369797555e-14
maximum,3.9749333333333334,0.008194658514611208,-0.04615350560556124,0.05434816412022444,0.008194658514663201,-5.199313202197686e-14
maximum,3.9752666666666667,0.008124477544631479,-0.04634137476730778,0.054465852311990845,0.008124477544683067,-5.1588941452074266e-14
maximum,3.9756,0.008054296574651749,-0.04652924392905432,0.054583540503757244,0.008054296574702927,-5.117781198826776e-14
maximum,3.9759333333333333,0.00798411560467202,-0.04671711309080086,0.05470122869552364,0.007984115604722786,-5.076494780098528e-14
maximum,3.9762666666666666,0.007913934634692291,-0.04690498225254739,0.05481891688729004,0.007913934634742652,-5.0360757231082687e-14
maximum,3.9766,0.007843753664712561,-0.047092851414293924,0.05493660507905645,0.007843753664762525,-4.9963505555084e-14
maximum,3.976933333333333,0.007773572694732832,-0.047280720576040464,0.055054293270822854,0.007773572694782391,-4.9558447623443413e-14
maximum,3.9772666666666665,0.007703391724753104,-0.047468589737787004,0.055171981462589254,0.00770339172480225,-4.9145583436160933e-14
maximum,3.9776,0.0076332107547733745,-0.047656458899533544,0.05528966965435565,0.007633210754822109,-4.873445397235443e-14
maximum,3.977933333333333,0.007563029784793645,-0.04784432806128008,0.05540735784612205,0.007563029784841975,-4.8330263402451834e-14
maximum,3.978266666666667,0.007492848814813823,-0.04803219722302686,0.05552504603788862,0.007492848814861758,-4.793474644992912e-14
maximum,3.9786,0.007422667844834093,-0.0482200663847734,0.055642734229655016,0.007422667844881617,-4.752361698612262e-14
maximum,3.9789333333333334,0.0073524868748543635,-0.04840793554651994,0.055760422421421416,0.007352486874901476,-4.7112487522316115e-14
maximum,3.9792666666666667,0.007282305904874634,-0.04859580470826648,0.05587811061318782,0.007282305904921342,-4.670829695241352e-14
maximum,3.9796,0.007212124934894906,-0.04878367387001301,0.05599579880495422,0.007212124934941208,-4.6302371659034947e-14
maximum,3.9799333333333333,0.007141943964915176,-0.04897154303175955,0.05611348699672063,0.007141943964961074,-4.589818108913235e-14
maximum,3.9802666666666666,0.007071762994935446,-0.049159412193506086,0.056231175188487026,0.00707176299498094,-4.5493990519229754e-14
maximum,3.9806,0.007001582024955717,-0.049347281355252626,0.056348863380253425,0.007001582025000799,-4.508199369368526e-14
maximum,3.980933333333333,0.0069314010549759875,-0.049535150516999166,0.05646655157201983,0.006931401055020665,-4.4677803123782667e-14
maximum,3.9812666666666665,0.006861220084996259,-0.049723019678745706,0.05658423976378623,0.0068612200850405244,-4.4265806298238175e-14
maximum,3.9816,0.006791039115016529,-0.04991088884049224,0.056701927955552636,0.006791039115060397,-4.3868554622239486e-14
maximum,3.981933333333333,0.0067208581450368,-0.05009875800223877,0.056819616147319035,0.0067208581450802635,-4.34634966905989e-14
maximum,3.982266666666667,0.0066506771750569765,-0.05028662716398556,0.056937304339085594,0.006650677175100032,-4.305583667374435e-14
maximum,3.9826,0.006580496205077248,-0.0504744963257321,0.05705499253085199,0.0065804962051198915,-4.264383984819986e-14
maximum,3.9829333333333334,0.006510315235097518,-0.05066236548747864,0.0571726807226184,0.0065103152351397575,-4.2239649278297264e-14
maximum,3.9832666666666667,0.006440134265117789,-0.050850234649225175,0.0572903689143848,0.0064401342651596236,-4.183459134665668e-14
maximum,3.9836,0.006369953295138059,-0.05103810381097171,0.0574080571061512,0.00636995329517949,-4.1430400776754084e-14
maximum,3.9839333333333333,0.00629977232515833,-0.05122597297271825,0.0575257452979176,0.006299772325199356,-4.10253428451135e-14
maximum,3.9842666666666666,0.0062295913551786005,-0.05141384213446479,0.057643433489684,0.006229591355219215,-4.0614213381306996e-14
maximum,3.9846,0.006159410385198872,-0.05160171129621133,0.05776112168145041,0.006159410385239081,-4.020915544966641e-14
maximum,3.984933333333333,0.006089229415219142,-0.05178958045795786,0.05787880987321681,0.006089229415258947,-3.9804964879763816e-14
maximum,3.9852666666666665,0.006019048445239413,-0.051977449619704394,0.05799649806498321,0.006019048445278813,-3.939990694812323e-14
maximum,3.9856,0.005948867475259683,-0.052165318781450934,0.05811418625674961,0.005948867475298679,-3.8995716378220635e-14
maximum,3.985933333333333,0.005878686505279954,-0.052353187943197474,0.05823187444851601,0.005878686505318538,-3.8583719552676143e-14
maximum,3.9862666666666664,0.0058085055353002246,-0.052541057104944014,0.05834956264028242,0.005808505535338404,-3.817952898277355e-14
maximum,3.9866,0.005738324565320402,-0.052728926266690804,0.05846725083204898,0.005738324565358173,-3.777100160418101e-14
maximum,3.9869333333333334,0.005668143595340673,-0.05291679542843734,0.058584939023815376,0.005668143595378039,-3.7365943672540425e-14
maximum,3.9872666666666667,0.005597962625360943,-0.05310466459018387,0.05870262721558178,0.005597962625397912,-3.6968691996541736e-14
maximum,3.9876,0.005527781655381214,-0.05329253375193041,0.05882031540734818,0.005527781655417771,-3.6556695170997244e-14
maximum,3.9879333333333333,0.005457600685401485,-0.05348040291367695,0.05893800359911458,0.00545760068543763,-3.614556570719074e-14
maximum,3.9882666666666666,0.005387419715421756,-0.05366827207542349,0.059055691790880986,0.005387419715457496,-3.5740507775550157e-14
maximum,3.9886,0.005317238745442026,-0.05385614123717002,0.059173379982647385,0.005317238745477362,-3.533631720564756e-14
maximum,3.988933333333333,0.005247057775462297,-0.054044010398916556,0.05929106817441379,0.005247057775497235,-3.4938198167910883e-14
maximum,3.9892666666666665,0.005176876805482567,-0.054231879560663096,0.05940875636618019,0.005176876805517094,-3.452706870410438e-14
maximum,3.9896,0.005106695835502838,-0.054419748722409636,0.05952644455794659,0.0051066958355369535,-3.411507187855989e-14
maximum,3.989933333333333,0.005036514865523109,-0.054607617884156176,0.059644132749712996,0.0050365148655568195,-3.371088130865729e-14
maximum,3.9902666666666664,0.00496633389554338,-0.05479548704590271,0.059761820941479395,0.004966333895576686,-3.330582337701671e-14
maximum,3.9906,0.004896152925563556,-0.0549833562076495,0.05987950913324595,0.0048961529255964545,-3.289816336016216e-14
maximum,3.9909333333333334,0.004825971955583827,-0.05517122536939603,0.05999719732501235,0.0048259719556163205,-3.2493105428521574e-14
maximum,3.9912666666666667,0.004755790985604098,-0.05535909453114257,0.06011488551677876,0.004755790985636187,-3.208891485861898e-14
maximum,3.9916,0.004685610015624369,-0.05554696369288911,0.06023257370854516,0.004685610015656046,-3.1676918033074486e-14
maximum,3.9919333333333333,0.004615429045644639,-0.055734832854635645,0.060350261900311564,0.004615429045675919,-3.12796663570758e-14
maximum,3.9922666666666666,0.00454524807566491,-0.055922702016382185,0.06046795009207796,0.004545248075695778,-3.0867669531531305e-14
maximum,3.9926,0.00447506710568518,-0.05611057117812872,0.06058563828384436,0.004475067105715644,-3.046347896162871e-14
maximum,3.9929333333333332,0.0044048861357054514,-0.05629844033987526,0.06070332647561077,0.00440488613573551,-3.0058421029988125e-14
maximum,3.9932666666666665,0.004334705165725722,-0.0564863095016218,0.06082101466737717,0.004334705165755369,-2.964729156618162e-14
maximum,3.9936,0.004264524195745993,-0.05667417866336833,0.06093870285914357,0.004264524195775242,-2.9249172528444944e-14
maximum,3.993933333333333,0.004194343225766263,-0.05686204782511487,0.06105639105090997,0.004194343225795101,-2.883804306463844e-14
maximum,3.9942666666666664,0.004124162255786534,-0.057049916986861404,0.06117407924267637,0.004124162255814967,-2.8432985132997857e-14
maximum,3.9945999999999997,0.004053981285806804,-0.057237786148607944,0.06129176743444278,0.004053981285834833,-2.802879456309526e-14
maximum,3.9949333333333334,0.003983800315826982,-0.057425655310354734,0.061409455626209336,0.003983800315854602,-2.7620267184502723e-14
maximum,3.9952666666666667,0.003913619345847252,-0.057613524472101274,0.061527143817975735,0.003913619345874461,-2.720913772069622e-14
maximum,3.9956,0.0038434383758675227,-0.05780139363384781,0.06164483200974214,0.003843438375894334,-2.6811452363828536e-14
maximum,3.9959333333333333,0.003773257405887793,-0.05798926279559435,0.06176252020150854,0.0037732574059141932,-2.6400322900022033e-14
maximum,3.9962666666666666,0.003703076435908064,-0.05817713195734088,0.061880208393274946,0.003703076435934066,-2.6002203862285356e-14
maximum,3.9966,0.0036328954659283342,-0.05836500111908742,0.061997896585041345,0.0036328954659539253,-2.5591074398478852e-14
maximum,3.9969333333333332,0.0035627144959486053,-0.05855287028083396,0.062115584776807745,0.0035627144959737844,-2.517907757293436e-14
maximum,3.9972666666666665,0.0034925335259688756,-0.05874073944258049,0.06223327296857415,0.0034925335259936574,-2.4781825896935672e-14
maximum,3.9976,0.0034223525559891467,-0.05892860860432703,0.06235096116034055,0.0034223525560135165,-2.436982907139118e-14
maximum,3.997933333333333,0.003352171586009417,-0.059116477766073566,0.062468649352106956,0.0033521715860333895,-2.397257739539249e-14
maximum,3.9982666666666664,0.003281990616029688,-0.059304346927820106,0.06258633754387335,0.0032819906160532486,-2.3560580569848e-14
maximum,3.9985999999999997,0.0032118096460499583,-0.059492216089566646,0.06270402573563975,0.0032118096460731077,-2.3149451106041496e-14
maximum,3.9989333333333335,0.0031416286760701357,-0.05968008525131343,0.06282171392740632,0.0031416286760928905,-2.2754801515256773e-14
maximum,3.9992666666666667,0.0030714477060904063,-0.05986795441305997,0.06293940211917272,0.0030714477061127496,-2.2343238370581275e-14
maximum,3.9996,0.003001266736110677,-0.0600558235748065,0.06305709031093912,0.0030012667361326156,-2.1938614119809685e-14
maximum,3.9999333333333333,0.0029310857661309477,-0.06024369273655304,0.06317477850270552,0.0029310857661524747,-2.1527050975134188e-14
maximum,4.000266666666667,0.0028609047961512184,-0.06043156189829958,0.06329246669447192,0.002860904796172334,-2.111548783045869e-14
maximum,4.0005999999999995,0.0027907238261715827,-0.060619431060045866,0.06341015488623816,0.002790723826192297,-2.0714333026639054e-14
maximum,4.000933333333333,0.0027205428561917597,-0.060807300221792655,0.06352784307800473,0.002720542856212073,-2.0313178222819417e-14
maximum,4.001266666666667,0.002650361886211937,-0.060995169383539445,0.06364553126977128,0.002650361886231835,-1.989771195032297e-14
maximum,4.0016,0.002580180916232301,-0.06118303854528573,0.06376321946153753,0.002580180916251798,-1.949699082737233e-14
maximum,4.001933333333334,0.0025099999462524785,-0.06137090770703252,0.06388090765330409,0.002509999946271574,-1.9095402342683698e-14
maximum,4.002266666666666,0.0024398189762728424,-0.06155877686877881,0.06399859584507034,0.00243981897629153,-1.868774232582915e-14
maximum,4.0026,0.00236963800629302,-0.06174664603052559,0.06411628403683689,0.002369638006311299,-1.827921494723661e-14
maximum,4.002933333333333,0.0022994570363133837,-0.06193451519227188,0.06423397222860314,0.0022994570363312553,-1.787155493038206e-14
maximum,4.003266666666667,0.002229276066333561,-0.062122384354018664,0.0643516604203697,0.002229276066351038,-1.7476905339597337e-14
maximum,4.0036,0.002159095096353925,-0.062310253515764955,0.06446934861213593,0.0021590950963709804,-1.7055367534934973e-14
maximum,4.003933333333333,0.0020889141263741025,-0.062498122677511744,0.0645870368039025,0.0020889141263907562,-1.6653779050246342e-14
maximum,4.004266666666666,0.0020187331563944664,-0.06268599183925803,0.06470472499566875,0.0020187331564107125,-1.6246119033391793e-14
maximum,4.0046,0.0019485521864146438,-0.06287386100100481,0.0648224131874353,0.0019485521864304883,-1.5844530548703162e-14
maximum,4.004933333333333,0.0018783712164350077,-0.0630617301627511,0.06494010137920155,0.0018783712164504446,-1.5436870531848612e-14
maximum,4.0052666666666665,0.0018081902464551851,-0.06324959932449789,0.06505778957096811,0.0018081902464702204,-1.503528204715998e-14
maximum,4.0056,0.0017380092764753621,-0.06343746848624468,0.06517547776273466,0.0017380092764899824,-1.462024945553253e-14
maximum,4.005933333333333,0.0016678283064957265,-0.06362533764799097,0.06529316595450091,0.0016678283065099386,-1.4212155757808986e-14
maximum,4.006266666666667,0.0015976473365159035,-0.06381320680973775,0.06541085414626747,0.0015976473365297283,-1.3824878741797164e-14
maximum,4.0066,0.0015274663665362678,-0.06400107597148404,0.06552854233803372,0.0015274663665496846,-1.341678504407362e-14
maximum,4.0069333333333335,0.0014572853965564448,-0.06418894513323083,0.06564623052980027,0.0014572853965694466,-1.3001752452446169e-14
maximum,4.007266666666666,0.0013871044265768091,-0.06437681429497712,0.06576391872156652,0.0013871044265894028,-1.2593658754722625e-14
maximum,4.0076,0.0013169234565969861,-0.0645646834567239,0.06588160691333307,0.0013169234566091648,-1.2178626163095174e-14
maximum,4.007933333333333,0.0012467424866173505,-0.06475255261847018,0.06599929510509932,0.001246742486629135,-1.1784410253179445e-14
maximum,4.008266666666667,0.0011765615166375275,-0.06494042178021697,0.06611698329686588,0.0011765615166489107,-1.1383255449359808e-14
maximum,4.0085999999999995,0.0011063805466578918,-0.06512829094196326,0.06623467148863213,0.001106380546668867,-1.0975161751636264e-14
maximum,4.008933333333333,0.0010361995766780688,-0.06531616010371005,0.06635235968039868,0.001036199576688629,-1.0560129160008813e-14
maximum,4.009266666666667,0.0009660186066982461,-0.06550402926545684,0.06647004787216525,0.0009660186067084048,-1.0158649095537431e-14
maximum,4.0096,0.0008958376367186103,-0.06569189842720313,0.0665877360639315,0.000895837636728361,-9.750772238248384e-15
maximum,4.009933333333334,0.0008256566667387875,-0.06587976758894991,0.06670542425569805,0.0008256566667481369,-9.34940059399425e-15
maximum,4.010266666666666,0.0007554756967591516,-0.0660676367506962,0.06682311244746429,0.0007554756967680931,-8.941523736705204e-15
maximum,4.0106,0.0006852947267793288,-0.06625550591244299,0.06694080063923086,0.000685294726787869,-8.54015209245107e-15
maximum,4.010933333333333,0.0006151137567996929,-0.06644337507418928,0.06705848883099709,0.0006151137568078113,-8.118397447354209e-15
maximum,4.011266666666667,0.0005449327868198701,-0.06663124423593607,0.06717617702276366,0.0005449327868275872,-7.717025803100075e-15
maximum,4.0116,0.00047475181684023427,-0.06681911339768234,0.0672938652145299,0.0004747518168475573,-7.323026733618843e-15
maximum,4.011933333333333,0.0004045708468604115,-0.06700698255942913,0.06741155340629645,0.00040457084686731926,-6.9077773015568944e-15
maximum,4.012266666666666,0.0003343898768807756,-0.06719485172117542,0.0675292415980627,0.0003343898768872755,-6.499900444267848e-15
maximum,4.0126,0.0002642089069009528,-0.06738272088292221,0.06764692978982927,0.00026420890690705134,-6.098528800013714e-15
maximum,4.012933333333333,0.00019402793692131694,-0.0675705900446685,0.06776461798159551,0.0001940279369270076,-5.690651942724667e-15
maximum,4.0132666666666665,0.00012384696694149415,-0.06775845920641528,0.06788230617336206,0.00012384696694678343,-5.289280298470533e-15
maximum,4.0136,5.366599696167136e-05,-0.06794632836816207,0.06799999436512863,5.366599696655927e-05,-4.8879086542164e-15
maximum,4.013933333333333,-1.651497301796451e-05,-0.06813419752990836,0.06811768255689488,-1.651497301348448e-05,-4.480031796927353e-15
maximum,4.014266666666667,-8.66959429977873e-05,-0.06832206669165515,0.06823537074866143,-8.669594299372252e-05,-4.064782364865405e-15
maximum,4.0146,-0.00015687691297742317,-0.06850993585340144,0.06835305894042767,-0.00015687691297376627,-3.656905507576358e-15
maximum,4.0149333333333335,-0.00022705788295724596,-0.06869780501514823,0.06847074713219423,-0.0002270578829540043,-3.2416560755144097e-15
maximum,4.015266666666666,-0.00029723885293688184,-0.0688856741768945,0.06858843532396047,-0.0002972388529340342,-2.8476570060331774e-15
maximum,4.0156,-0.00036741982291670463,-0.0690735433386413,0.06870612351572704,-0.00036741982291425834,-2.4462853617790437e-15
maximum,4.015933333333333,-0.00043760079289634045,-0.06926141250038759,0.06882381170749328,-0.0004376007928943021,-2.0383542943813726e-15
maximum,4.016266666666667,-0.0005077817628761633,-0.06944928166213438,0.06894149989925984,-0.0005077817628745401,-1.6231590724280487e-15
maximum,4.0165999999999995,-0.0005779627328557992,-0.06963715082388067,0.06905918809102608,-0.0005779627328545839,-1.215282215139002e-15
maximum,4.016933333333333,-0.000648143702835622,-0.06982501998562744,0.06917687628279265,-0.0006481437028347942,-8.277883586926826e-16
maximum,4.017266666666666,-0.0007183246728152578,-0.07001288914737373,0.0692945644745589,-0.0007183246728148379,-4.1991150140363587e-16
maximum,4.0176,-0.0007885056427950806,-0.07020075830912052,0.06941225266632545,-0.000788505642795076,-4.662069341687669e-18
maximum,4.017933333333334,-0.0008586866127749034,-0.07038862747086731,0.069529940858092,-0.000858686612775314,4.1058736272026053e-16
maximum,4.018266666666666,-0.0009288675827545393,-0.0705764966326136,0.06964762904985825,-0.0009288675827553577,8.184642200093073e-16
maximum,4.0186,-0.0009990485527343622,-0.07076436579436038,0.06976531724162481,-0.000999048552735568,1.205849656238378e-15
maximum,4.018933333333333,-0.001069229522713998,-0.07095223495610667,0.06988300543339106,-0.0010692295227156118,1.6137265135274248e-15
maximum,4.019266666666667,-0.0011394104926938208,-0.07114010411785346,0.07000069362515761,-0.0011394104926958498,2.028975945589373e-15
maximum,4.0196,-0.0012095914626734567,-0.07132797327959975,0.07011838181692386,-0.0012095914626758936,2.4368528028784198e-15
maximum,4.019933333333333,-0.0012797724326532793,-0.07151584244134654,0.07023607000869042,-0.0012797724326561177,2.8384412875670506e-15
maximum,4.020266666666666,-0.0013499534026329154,-0.07170371160309282,0.07035375820045667,-0.0013499534026361476,3.232223516613786e-15
maximum,4.0206,-0.001420134372612738,-0.0718915807648396,0.07047144639222322,-0.0014201343726163856,3.647689789110231e-15
maximum,4.020933333333333,-0.001490315342592374,-0.0720794499265859,0.07058913458398947,-0.0014903153425964294,4.055349805964781e-15
maximum,4.0212666666666665,-0.0015604963125721966,-0.07226731908833268,0.07070682277575602,-0.0015604963125766674,4.470816078461226e-15
maximum,4.021599999999999,-0.0016306772825518327,-0.07245518825007898,0.07082451096752226,-0.0016306772825567112,4.878476095315776e-15
maximum,4.021933333333333,-0.0017008582525316553,-0.07264305741182576,0.07094219915928883,-0.0017008582525369353,5.2800645800044066e-15
maximum,4.022266666666667,-0.0017710392225114783,-0.07283092657357254,0.07105988735105538,-0.0017710392225171595,5.681219383824043e-15
maximum,4.0226,-0.001841220192491114,-0.07301879573531883,0.07117757554282163,-0.0018412201924972033,6.089313081547587e-15
maximum,4.0229333333333335,-0.001911401162470937,-0.07320666489706562,0.0712952637345882,-0.0019114011624774274,6.490467885367224e-15
maximum,4.023266666666666,-0.0019815821324505726,-0.07339453405881191,0.07141295192635444,-0.001981582132457471,6.898561583090768e-15
maximum,4.0236,-0.0020517631024303956,-0.0735824032205587,0.07153064011812099,-0.002051763102437709,7.313594174718219e-15
maximum,4.023933333333333,-0.0021219440724100313,-0.07377027238230498,0.07164832830988724,-0.002121944072417739,7.707810084633948e-15
maximum,4.024266666666667,-0.0021921250423898543,-0.07395814154405177,0.0717660165016538,-0.0021921250423979632,8.108964888453585e-15
maximum,4.0245999999999995,-0.00226230601236949,-0.07414601070579806,0.07188370469342004,-0.002262306012378021,8.530936373984943e-15
maximum,4.024933333333333,-0.002332486982349313,-0.07433387986754485,0.0720013928851866,-0.002332486982358245,8.93209117780458e-15
maximum,4.025266666666666,-0.0024026679523289486,-0.07452174902929114,0.07211908107695285,-0.0024026679523382888,9.340184875528124e-15
maximum,4.0256,-0.0024728489223087716,-0.07470961819103791,0.0722367692687194,-0.002472848922318513,9.74133967934776e-15
maximum,4.025933333333333,-0.0025430298922884073,-0.0748974873527842,0.07235445746048565,-0.0025430298922985567,1.0149433377071304e-14
maximum,4.026266666666666,-0.0026132108622682303,-0.075085356514531,0.07247214565225221,-0.002613210862278781,1.055058818089094e-14
maximum,4.0266,-0.0026833918322480533,-0.07527322567627778,0.07258983384401876,-0.002683391832259019,1.0965620772518392e-14
maximum,4.026933333333333,-0.002753572802227689,-0.07546109483802407,0.07270752203578501,-0.0027535728022390626,1.1373714470241936e-14
maximum,4.027266666666667,-0.002823753772207512,-0.07564896399977086,0.07282521022755158,-0.002823753772219287,1.1774869274061572e-14
maximum,4.0276,-0.0028939347421871476,-0.07583683316151714,0.07294289841931782,-0.0028939347421993167,1.2169085183977302e-14
maximum,4.027933333333333,-0.0029641157121669706,-0.07602470232326393,0.07306058661108437,-0.0029641157121795547,1.2584117775604753e-14
maximum,4.028266666666666,-0.0030342966821466063,-0.07621257148501022,0.07317827480285062,-0.0030342966821595985,1.2992211473328297e-14
maximum,4.0286,-0.0031044776521264293,-0.07640044064675701,0.07329596299461717,-0.0031044776521398365,1.3407244064955748e-14
maximum,4.028933333333333,-0.003174658622106065,-0.0765883098085033,0.07341365118638342,-0.0031746586221198803,1.3815337762679292e-14
maximum,4.0292666666666666,-0.003244839592085888,-0.07677617897025008,0.07353133937814998,-0.0032448395921000905,1.4202614778691114e-14
maximum,4.029599999999999,-0.0033150205620655236,-0.07696404813199637,0.07364902756991623,-0.0033150205620801343,1.4610708476414658e-14
maximum,4.029933333333333,-0.0033852015320453466,-0.07715191729374316,0.07376671576168278,-0.0033852015320603723,1.502574106804211e-14
maximum,4.030266666666667,-0.003455382502025169,-0.07733978645548995,0.07388440395344935,-0.0034553825020405965,1.542732955273074e-14
maximum,4.0306,-0.0035255634720048053,-0.07752765561723624,0.0740020921452156,-0.0035255634720206402,1.583498956958529e-14
maximum,4.0309333333333335,-0.003595744441984628,-0.07771552477898301,0.07411978033698215,-0.0035957444420008644,1.623657805427392e-14
maximum,4.031266666666666,-0.003665925411964264,-0.0779033939407293,0.0742374685287484,-0.003665925411980908,1.664423807112847e-14
maximum,4.0316,-0.0037361063819440865,-0.07809126310247609,0.07435515672051496,-0.0037361063819611323,1.70458265558171e-14
maximum,4.031933333333333,-0.0038062873519237226,-0.07827913226422238,0.07447284491228119,-0.00380628735194119,1.7467364360479465e-14
maximum,4.032266666666667,-0.003876468321903545,-0.07846700142596917,0.07459053310404776,-0.003876468321921414,1.7868952845168096e-14
maximum,4.0325999999999995,-0.003946649291883181,-0.07865487058771545,0.074708221295814,-0.003946649291901444,1.8263168755083825e-14
maximum,4.032933333333333,-0.004016830261863003,-0.07884273974946224,0.07482590948758056,-0.004016830261881682,1.867863502758027e-14
maximum,4.033266666666666,-0.0040870112318426395,-0.07903060891120853,0.0749435976793468,-0.004087011231861726,1.908629504443482e-14
maximum,4.0336,-0.004157192201822462,-0.07921847807295532,0.07506128587111337,-0.00415719220184195,1.948788352912345e-14
maximum,4.033933333333333,-0.004227373171802098,-0.07940634723470161,0.07517897406287961,-0.004227373171821994,1.9895543545978e-14
maximum,4.0342666666666664,-0.004297554141781921,-0.0795942163964484,0.07529666225464617,-0.004297554141802232,2.0311009818474446e-14
maximum,4.0346,-0.004367735111761744,-0.07978208555819517,0.07541435044641273,-0.004367735111782442,2.0697853153617274e-14
maximum,4.034933333333333,-0.004437916081741379,-0.07996995471994146,0.07553203863817898,-0.004437916081762486,2.1106380532209812e-14
maximum,4.035266666666667,-0.004508097051721203,-0.08015782388168825,0.07564972682994553,-0.004508097051742724,2.152097944296827e-14
maximum,4.0356,-0.004578278021700838,-0.08034569304343454,0.07576741502171178,-0.0045782780217227675,2.1929506821560807e-14
maximum,4.035933333333333,-0.0046484589916806615,-0.08053356220518133,0.07588510321347833,-0.004648458991703006,2.2344105732319264e-14
maximum,4.036266666666666,-0.004718639961660297,-0.08072143136692761,0.07600279140524457,-0.0047186399616830355,2.2738755323103987e-14
maximum,4.0366,-0.004788820931640119,-0.0809093005286744,0.07612047959701114,-0.00478882093166326,2.3140343807792618e-14
maximum,4.036933333333333,-0.004859001901619755,-0.08109716969042069,0.07623816778877739,-0.004859001901643303,2.3548003824647168e-14
maximum,4.037266666666667,-0.004929182871599578,-0.08128503885216748,0.07635585598054394,-0.004929182871623541,2.3963470097143613e-14
maximum,4.037599999999999,-0.004999363841579214,-0.08147290801391377,0.07647354417231018,-0.004999363841603585,2.4371130113998163e-14
maximum,4.037933333333333,-0.005069544811559037,-0.08166077717566056,0.07659123236407675,-0.005069544811583809,2.4772718598686794e-14
maximum,4.038266666666666,-0.005139725781538673,-0.08184864633740684,0.076708920555843,-0.005139725781563839,2.516650082773353e-14
maximum,4.0386,-0.005209906751518495,-0.08203651549915363,0.07682660874760955,-0.005209906751544077,2.5581967100229974e-14
maximum,4.0389333333333335,-0.005280087721498319,-0.08222438466090042,0.07694429693937611,-0.005280087721524301,2.5982688223180617e-14
maximum,4.039266666666666,-0.005350268691477954,-0.0824122538226467,0.07706198513114235,-0.005350268691504359,2.640509338958097e-14
maximum,4.0396,-0.005420449661457777,-0.08260012298439348,0.07717967332290891,-0.005420449661484569,2.6791936724723797e-14
maximum,4.039933333333333,-0.005490630631437413,-0.08278799214613977,0.07729736151467516,-0.005490630631464613,2.7200464103316335e-14
maximum,4.040266666666667,-0.005560811601417236,-0.08297586130788656,0.07741504970644171,-0.005560811601444851,2.7615063014074792e-14
maximum,4.0405999999999995,-0.005630992571396871,-0.08316373046963285,0.07753273789820796,-0.005630992571424895,2.802359039266733e-14
maximum,4.040933333333333,-0.005701173541376695,-0.08335159963137964,0.07765042608997452,-0.005701173541405119,2.842431151561797e-14
maximum,4.041266666666666,-0.00577135451135633,-0.08353946879312593,0.07776811428174077,-0.005771354511385163,2.883283889421051e-14
maximum,4.0416,-0.005841535481336153,-0.08372733795487271,0.07788580247350732,-0.005841535481365387,2.923356001716115e-14
maximum,4.041933333333333,-0.005911716451315789,-0.083915207116619,0.07800349066527357,-0.005911716451345431,2.964208739575369e-14
maximum,4.0422666666666665,-0.005981897421295612,-0.08410307627836579,0.07812117885704012,-0.005981897421325669,3.005668630651215e-14
maximum,4.0426,-0.006052078391275435,-0.08429094544011258,0.07823886704880668,-0.006052078391305893,3.045827479120078e-14
maximum,4.042933333333333,-0.006122259361255071,-0.08447881460185887,0.07835655524057293,-0.006122259361285937,3.086593480805533e-14
maximum,4.043266666666667,-0.006192440331234893,-0.08466668376360564,0.07847424343233948,-0.006192440331266161,3.126752329274396e-14
maximum,4.0436,-0.006262621301214529,-0.08485455292535193,0.07859193162410573,-0.0062626213012462045,3.167518330959851e-14
maximum,4.043933333333333,-0.006332802271194352,-0.08504242208709872,0.0787096198158723,-0.006332802271226429,3.207677179428714e-14
maximum,4.044266666666666,-0.006402983241173988,-0.08523029124884501,0.07882730800763854,-0.0064029832412064724,3.248443181114169e-14
maximum,4.0446,-0.006473164211153811,-0.0854181604105918,0.07894499619940509,-0.0064731642111867105,3.2899898083638135e-14
maximum,4.044933333333333,-0.006543345181133447,-0.0856060295723381,0.07906268439117134,-0.006543345181166754,3.3307558100492685e-14
maximum,4.045266666666667,-0.006613526151113269,-0.08579389873408487,0.0791803725829379,-0.0066135261511469645,3.36952687973735e-14
maximum,4.045599999999999,-0.006683707121092905,-0.08598176789583116,0.07929806077470414,-0.006683707121127022,3.4116806602035865e-14
maximum,4.045933333333333,-0.006753888091072728,-0.08616963705757795,0.0794157489664707,-0.006753888091107246,3.4518395086724496e-14
maximum,4.046266666666666,-0.006824069061052364,-0.08635750621932424,0.07953343715823695,-0.00682406906108729,3.4926055103579046e-14
maximum,4.0466,-0.006894250031032187,-0.08654537538107102,0.0796511253500035,-0.006894250031067514,3.5327643588267676e-14
maximum,4.0469333333333335,-0.006964431001012009,-0.0867332445428178,0.07976881354177007,-0.006964431001047738,3.572923207295631e-14
maximum,4.047266666666666,-0.007034611970991645,-0.0869211137045641,0.07988650173353631,-0.007034611971027782,3.613689208981086e-14
maximum,4.0476,-0.007104792940971468,-0.08710898286631089,0.08000418992530287,-0.00710479294100802,3.65523583623073e-14
maximum,4.047933333333333,-0.007174973910951104,-0.08729685202805718,0.08012187811706911,-0.007174973910988064,3.696001837916185e-14
maximum,4.048266666666667,-0.0072451548809309265,-0.08748472118980397,0.08023956630883568,-0.007245154880968288,3.736160686385048e-14
maximum,4.0485999999999995,-0.0073153358509105626,-0.08767259035155024,0.08035725450060192,-0.007315335850948318,3.775538909289722e-14
maximum,4.048933333333333,-0.007385516820890385,-0.08786045951329703,0.08047494269236848,-0.007385516820928556,3.8170855365393663e-14
maximum,4.049266666666666,-0.007455697790870021,-0.08804832867504332,0.08059263088413472,-0.0074556977909086,3.857851538224821e-14
maximum,4.0496,-0.007525878760849844,-0.08823619783679011,0.08071031907590129,-0.007525878760888824,3.8980103866936844e-14
maximum,4.049933333333333,-0.00759605973082948,-0.08842406699853639,0.08082800726766752,-0.007596059730868868,3.9387763883791393e-14
maximum,4.0502666666666665,-0.0076662407008093025,-0.08861193616028318,0.08094569545943409,-0.007666240700849092,3.9789352368480024e-14
maximum,4.050599999999999,-0.0077364216707889386,-0.08879980532202947,0.08106338365120033,-0.0077364216708291356,4.0197012385334574e-14
maximum,4.050933333333333,-0.007806602640768761,-0.08898767448377626,0.08118107184296688,-0.007806602640809374,4.061247865783102e-14
maximum,4.051266666666667,-0.007876783610748585,-0.08917554364552305,0.08129876003473345,-0.007876783610789598,4.1012332419043673e-14
maximum,4.0516,-0.00794696458072822,-0.08936341280726934,0.0814164482264997,-0.007946964580769642,4.14217271593742e-14
maximum,4.051933333333333,-0.008017145550708043,-0.08955128196901613,0.08153413641826625,-0.00801714555074988,4.1836326070132657e-14
maximum,4.052266666666666,-0.00808732652068768,-0.0897391511307624,0.0816518246100325,-0.00808732652072991,4.223010829917939e-14
maximum,4.0526,-0.008157507490667503,-0.0899270202925092,0.08176951280179906,-0.008157507490710134,4.2630829422130034e-14
maximum,4.052933333333333,-0.008227688460647137,-0.09011488945425548,0.0818872009935653,-0.008227688460690177,4.304022416246056e-14
maximum,4.053266666666667,-0.00829786943062696,-0.09030275861600227,0.08200488918533186,-0.008297869430670415,4.345482307321902e-14
maximum,4.053599999999999,-0.008368050400606597,-0.09049062777774855,0.0821225773770981,-0.008368050400650445,4.384860530226575e-14
maximum,4.053933333333333,-0.00843823137058642,-0.09067849693949534,0.08224026556886466,-0.008438231370630683,4.426320421302421e-14
maximum,4.054266666666666,-0.008508412340566054,-0.09086636610124163,0.0823579537606309,-0.008508412340610727,4.4672598953354736e-14
maximum,4.0546,-0.008578593310545878,-0.09105423526298842,0.08247564195239747,-0.008578593310590951,4.507332007630538e-14
maximum,4.054933333333333,-0.008648774280525514,-0.09124210442473471,0.08259333014416372,-0.008648774280570995,4.548098009315993e-14
maximum,4.055266666666666,-0.008718955250505337,-0.0914299735864815,0.08271101833593027,-0.008718955250551233,4.5895579003918385e-14
maximum,4.0556,-0.008789136220485159,-0.09161784274822829,0.08282870652769683,-0.008789136220531457,4.6298034850345005e-14
maximum,4.055933333333333,-0.008859317190464795,-0.09180571190997457,0.08294639471946308,-0.008859317190511487,4.669181707939174e-14
maximum,4.056266666666667,-0.008929498160444619,-0.09199358107172136,0.08306408291122963,-0.008929498160491725,4.7106415990150197e-14
maximum,4.0565999999999995,-0.008999679130424255,-0.09218145023346765,0.08318177110299588,-0.008999679130471769,4.7514076007004746e-14
maximum,4.056933333333333,-0.009069860100404076,-0.09236931939521444,0.08329945929476243,-0.009069860100452007,4.793040964123918e-14
maximum,4.057266666666666,-0.009140041070383713,-0.09255718855696071,0.08341714748652868,-0.009140041070432037,4.8324191870285915e-14
maximum,4.0576,-0.009210222040363536,-0.0927450577187075,0.08353483567829524,-0.009210222040412261,4.872491299323656e-14
maximum,4.057933333333333,-0.009280403010343172,-0.09293292688045379,0.08365252387006149,-0.009280403010392305,4.913257301009111e-14
maximum,4.0582666666666665,-0.009350583980322994,-0.09312079604220058,0.08377021206182804,-0.009350583980372543,4.954890664432554e-14
maximum,4.058599999999999,-0.00942076495030263,-0.09330866520394687,0.08388790025359429,-0.009420764950352586,4.995656666118009e-14
maximum,4.058933333333333,-0.009490945920282453,-0.09349653436569366,0.08400558844536085,-0.00949094592033281,5.035728778413073e-14
maximum,4.059266666666666,-0.00956112689026209,-0.09368440352743994,0.0841232766371271,-0.00956112689031284,5.075107001317747e-14
maximum,4.0596,-0.009631307860241911,-0.09387227268918673,0.08424096482889365,-0.009631307860293079,5.11674036474119e-14
maximum,4.059933333333333,-0.009701488830221735,-0.09406014185093352,0.08435865302066022,-0.009701488830273303,5.1568124770362544e-14
maximum,4.060266666666666,-0.00977166980020137,-0.09424801101267981,0.08447634121242645,-0.00977166980025336,5.198966257502491e-14
maximum,4.0606,-0.009841850770181194,-0.09443588017442658,0.08459402940419301,-0.00984185077023357,5.2376505910167737e-14
maximum,4.060933333333333,-0.009912031740160828,-0.09462374933617287,0.08471171759595926,-0.009912031740213614,5.278590065049826e-14
maximum,4.061266666666667,-0.009982212710140652,-0.09481161849791966,0.08482940578772581,-0.009982212710193852,5.320049956125672e-14
maximum,4.061599999999999,-0.010052393680120288,-0.09499948765966595,0.08494709397949206,-0.010052393680173896,5.360815957811127e-14
maximum,4.061933333333333,-0.010122574650100111,-0.09518735682141274,0.08506478217125862,-0.01012257465015412,5.400888070106191e-14
maximum,4.062266666666666,-0.010192755620079746,-0.09537522598315903,0.08518247036302487,-0.010192755620134164,5.441827544139244e-14
maximum,4.0626,-0.01026293659005957,-0.09556309514490582,0.08530015855479142,-0.010262936590114402,5.4832874352150895e-14
maximum,4.062933333333333,-0.010333117560039205,-0.0957509643066521,0.08541784674655767,-0.010333117560094432,5.522665658119763e-14
maximum,4.063266666666666,-0.010403298530019029,-0.09593883346839889,0.08553553493832422,-0.01040329853007467,5.564125549195609e-14
maximum,4.0636,-0.01047347949999885,-0.09612670263014568,0.08565322313009079,-0.010473479500054894,5.6043711338382707e-14
maximum,4.063933333333333,-0.010543660469978487,-0.09631457179189197,0.08577091132185703,-0.010543660470034938,5.6451371355237256e-14
maximum,4.064266666666667,-0.01061384143995831,-0.09650244095363875,0.0858885995136236,-0.010613841440015148,5.6838214690380084e-14
maximum,4.0645999999999995,-0.010684022409937946,-0.09669031011538504,0.08600628770538984,-0.010684022409995192,5.724587470723463e-14
maximum,4.064933333333333,-0.010754203379917768,-0.09687817927713183,0.0861239758971564,-0.01075420337997543,5.766220834146907e-14
maximum,4.065266666666666,-0.010824384349897404,-0.09706604843887812,0.08624166408892264,-0.010824384349955474,5.806986835832362e-14
maximum,4.0656,-0.010894565319877227,-0.0972539176006249,0.0863593522806892,-0.010894565319935712,5.848446726908207e-14
maximum,4.065933333333333,-0.010964746289856863,-0.0974417867623712,0.08647704047245544,-0.010964746289915756,5.889212728593662e-14
maximum,4.0662666666666665,-0.011034927259836685,-0.09762965592411797,0.086594728664222,-0.011034927259895966,5.928070534455543e-14
maximum,4.066599999999999,-0.011105108229816321,-0.09781752508586426,0.08671241685598824,-0.011105108229876023,5.970224314921779e-14
maximum,4.066933333333333,-0.011175289199796145,-0.09800539424761105,0.0868301050477548,-0.011175289199856248,6.010296427216844e-14
maximum,4.067266666666666,-0.01124547016977578,-0.09819326340935734,0.08694779323952105,-0.011245470169836291,6.051062428902299e-14
maximum,4.0676,-0.011315651139755602,-0.09838113257110412,0.08706548143128762,-0.011315651139816502,6.089920234764179e-14
